label,r0,r1,r2,r3,r4,r5,r6,r7
ROTATION,-60.51,-70.97,-86.92,-77.63,-70.09,-71.06,-65.73,-61.47
IDLE,-64.87,-70.86,-68.81,-68.1,-69.49,-70.08,-70.46,-71.06
IDLE,-65.92,-72.13,-68.27,-67.33,-64.69,-68.55,-68.92,-70.61
SLOW_DEPARTURE,-46.23,-56.56,-54.6,-56.33,-62.27,-64.12,-64.79,-69.85
DOUBLE_APPROACH,-84.66,-75.36,-76.0,-72.22,-66.75,-78.43,-67.35,-55.7
ROTATION,-67.56,-70.99,-76.63,-86.2,-68.04,-69.17,-67.46,-66.37
ROTATION,-59.47,-76.51,-77.73,-65.61,-61.52,-63.52,-67.96,-60.54
IDLE,-60.61,-61.79,-66.17,-64.06,-64.89,-67.97,-63.31,-66.35
DOUBLE_APPROACH,-85.13,-81.98,-74.91,-72.03,-66.78,-55.95,-51.01,-45.31
ROTATION,-65.93,-74.66,-83.72,-78.88,-70.87,-75.51,-74.22,-67.67
SLOW_DEPARTURE,-56.62,-59.13,-66.61,-74.64,-76.97,-79.33,-87.61,-93.08
ROTATION,-58.53,-60.14,-66.77,-73.25,-89.11,-87.27,-74.93,-61.85
DOUBLE_APPROACH,-92.06,-89.24,-84.55,-83.63,-74.09,-72.49,-64.43,-62.19
SLOW_DEPARTURE,-46.56,-51.38,-57.2,-58.83,-65.61,-65.26,-76.73,-81.72
IDLE,-62.98,-64.45,-64.28,-64.62,-63.74,-63.82,-63.16,-65.15
SLOW_DEPARTURE,-46.62,-48.88,-49.4,-54.21,-57.57,-60.2,-56.65,-58.31
SLOW_DEPARTURE,-45.6,-53.91,-48.83,-58.88,-54.67,-63.83,-66.16,-65.64
SLOW_DEPARTURE,-59.19,-66.61,-71.18,-76.14,-79.24,-89.68,-89.68,-94.21
DOUBLE_APPROACH,-95.39,-89.7,-82.8,-83.0,-78.96,-71.35,-66.75,-61.86
DOUBLE_APPROACH,-84.48,-82.48,-81.16,-75.62,-71.63,-79.36,-61.42,-47.69
IDLE,-56.57,-55.8,-50.81,-53.9,-55.54,-51.99,-51.23,-53.25
DOUBLE_APPROACH,-79.3,-78.7,-74.44,-76.57,-75.43,-74.2,-68.03,-53.44
DOUBLE_APPROACH,-86.79,-87.36,-80.18,-72.74,-70.05,-66.32,-55.76,-56.21
SLOW_DEPARTURE,-49.96,-46.08,-47.96,-53.19,-59.32,-61.94,-67.49,-71.4
ROTATION,-58.9,-64.15,-81.5,-69.14,-65.38,-75.58,-65.37,-59.61
ROTATION,-55.34,-58.41,-54.09,-65.03,-76.3,-70.09,-57.61,-51.47
DOUBLE_APPROACH,-84.55,-78.04,-80.9,-79.7,-73.76,-72.88,-64.7,-58.12
SLOW_DEPARTURE,-46.95,-49.91,-51.66,-61.04,-64.63,-76.96,-72.64,-84.14
ROTATION,-59.37,-64.91,-81.63,-70.12,-66.05,-68.63,-73.56,-66.94
DOUBLE_APPROACH,-81.75,-79.51,-75.05,-67.39,-59.91,-66.02,-62.67,-53.12
DOUBLE_APPROACH,-88.7,-89.05,-83.74,-77.7,-72.54,-70.1,-60.43,-58.87
ROTATION,-59.56,-61.03,-71.95,-60.72,-54.51,-73.61,-70.49,-54.56
DOUBLE_APPROACH,-88.56,-78.97,-76.04,-72.89,-73.0,-64.14,-57.05,-48.04
IDLE,-51.48,-51.74,-55.4,-53.23,-55.8,-55.92,-52.49,-51.86
ROTATION,-58.79,-58.01,-61.65,-74.05,-87.0,-73.76,-63.94,-59.59
SLOW_DEPARTURE,-52.52,-49.6,-54.29,-55.57,-62.71,-77.61,-72.17,-84.81
IDLE,-67.54,-66.23,-63.65,-66.02,-65.22,-65.81,-62.12,-69.11
IDLE,-65.71,-61.97,-63.15,-62.5,-64.44,-68.17,-65.45,-59.22
DOUBLE_APPROACH,-94.05,-88.32,-82.74,-77.1,-79.17,-80.51,-73.96,-63.22
SLOW_DEPARTURE,-55.24,-61.27,-65.11,-69.67,-75.2,-84.54,-89.86,-97.91
IDLE,-66.55,-67.16,-60.69,-61.85,-61.2,-65.06,-62.01,-63.17
SLOW_DEPARTURE,-56.25,-60.27,-66.59,-67.22,-67.16,-71.34,-73.62,-72.76
SLOW_DEPARTURE,-50.14,-55.79,-52.59,-53.33,-56.57,-58.14,-62.6,-67.81
IDLE,-54.81,-50.18,-51.08,-56.19,-51.35,-54.99,-52.78,-53.72
DOUBLE_APPROACH,-89.82,-87.75,-84.1,-78.39,-80.52,-79.33,-61.0,-56.84
ROTATION,-59.29,-64.48,-81.36,-75.34,-61.73,-64.55,-72.66,-66.54
DOUBLE_APPROACH,-84.9,-79.93,-74.17,-75.73,-71.86,-70.61,-63.96,-55.49
IDLE,-63.25,-67.02,-67.96,-64.1,-67.29,-66.11,-63.22,-65.06
IDLE,-63.15,-61.29,-57.92,-61.85,-59.5,-65.05,-57.7,-60.59
ROTATION,-64.92,-59.15,-66.33,-72.11,-81.68,-76.97,-66.89,-70.17
ROTATION,-65.87,-83.34,-81.86,-64.23,-61.23,-80.69,-75.53,-65.48
DOUBLE_APPROACH,-90.81,-84.64,-78.64,-75.43,-75.25,-67.67,-61.33,-53.69
DOUBLE_APPROACH,-85.84,-85.26,-77.78,-78.78,-75.42,-81.52,-73.16,-63.7
SLOW_DEPARTURE,-53.98,-60.27,-56.86,-60.52,-66.73,-73.12,-78.94,-84.63
SLOW_DEPARTURE,-51.45,-57.38,-56.01,-56.31,-67.6,-66.4,-66.47,-66.16
IDLE,-54.49,-56.78,-54.18,-53.85,-55.99,-57.56,-58.43,-56.93
ROTATION,-65.97,-76.55,-79.07,-80.47,-79.02,-76.99,-73.7,-70.03
DOUBLE_APPROACH,-82.03,-77.36,-78.1,-72.27,-73.14,-68.31,-63.04,-57.0
DOUBLE_APPROACH,-82.3,-82.88,-75.85,-76.97,-69.32,-64.83,-54.26,-56.04
SLOW_DEPARTURE,-47.23,-45.91,-55.54,-61.57,-63.4,-77.35,-80.25,-86.54
IDLE,-58.86,-57.45,-56.64,-58.3,-58.77,-62.72,-60.04,-63.6
DOUBLE_APPROACH,-96.94,-89.68,-86.09,-81.05,-81.38,-86.76,-76.66,-59.2
DOUBLE_APPROACH,-92.49,-89.74,-82.47,-80.85,-74.8,-77.68,-73.79,-55.55
SLOW_DEPARTURE,-55.68,-59.53,-68.75,-70.87,-72.06,-80.33,-88.8,-91.65
IDLE,-54.35,-52.01,-55.32,-55.99,-52.59,-55.24,-53.03,-54.64
DOUBLE_APPROACH,-93.11,-87.7,-88.04,-74.82,-71.48,-68.46,-61.88,-53.36
SLOW_DEPARTURE,-54.3,-61.18,-61.78,-59.31,-71.42,-75.69,-85.4,-83.57
ROTATION,-60.92,-66.74,-81.31,-62.44,-58.03,-66.41,-68.2,-62.11
ROTATION,-60.64,-63.3,-81.95,-72.45,-64.2,-68.57,-73.12,-63.09
DOUBLE_APPROACH,-87.02,-78.02,-80.1,-72.08,-69.03,-67.82,-62.17,-55.97
IDLE,-65.25,-59.58,-60.89,-63.44,-63.06,-59.87,-61.96,-63.81
IDLE,-61.13,-59.94,-62.12,-70.21,-61.65,-69.43,-65.45,-64.33
IDLE,-58.12,-58.4,-59.41,-61.66,-59.2,-59.66,-60.9,-58.44
SLOW_DEPARTURE,-53.99,-56.57,-61.44,-63.33,-64.43,-73.87,-78.56,-85.57
DOUBLE_APPROACH,-85.73,-79.77,-74.42,-71.29,-66.58,-70.65,-67.5,-56.14
ROTATION,-56.45,-69.16,-83.9,-72.76,-63.77,-71.19,-68.04,-62.58
DOUBLE_APPROACH,-85.59,-75.71,-68.86,-63.9,-71.21,-65.05,-57.92,-42.9
IDLE,-67.62,-56.24,-64.56,-58.2,-65.95,-64.08,-61.04,-63.65
SLOW_DEPARTURE,-49.75,-54.27,-56.09,-57.95,-62.55,-68.86,-72.15,-74.73
IDLE,-52.5,-51.71,-53.53,-54.5,-50.45,-53.52,-54.54,-54.47
IDLE,-64.06,-65.16,-67.89,-62.7,-58.78,-57.65,-59.94,-61.21
SLOW_DEPARTURE,-58.7,-56.34,-64.71,-58.59,-69.89,-70.48,-79.75,-87.15
IDLE,-60.95,-64.39,-62.18,-63.76,-60.24,-66.52,-59.54,-62.02
SLOW_DEPARTURE,-44.63,-56.05,-55.16,-53.38,-55.32,-63.84,-71.47,-68.41
IDLE,-62.42,-61.68,-64.72,-59.74,-57.73,-61.23,-62.42,-60.8
ROTATION,-60.95,-77.72,-80.73,-64.97,-63.0,-67.31,-64.99,-59.27
ROTATION,-56.78,-66.1,-75.39,-62.23,-62.53,-74.63,-63.53,-57.45
SLOW_DEPARTURE,-54.63,-59.91,-64.21,-66.99,-62.91,-75.65,-74.49,-67.57
SLOW_DEPARTURE,-53.09,-61.24,-63.53,-70.15,-75.93,-69.61,-75.66,-79.25
ROTATION,-61.18,-67.41,-79.9,-71.11,-70.61,-78.52,-68.57,-58.98
SLOW_DEPARTURE,-51.33,-53.22,-62.23,-65.91,-72.0,-66.7,-70.33,-77.97
IDLE,-47.56,-50.23,-56.92,-47.04,-50.15,-50.57,-54.04,-53.57
SLOW_DEPARTURE,-54.93,-61.52,-58.83,-70.04,-63.74,-71.78,-73.84,-72.28
DOUBLE_APPROACH,-77.79,-75.69,-73.04,-71.98,-65.79,-66.23,-53.53,-42.25
IDLE,-59.39,-58.72,-56.88,-59.12,-57.07,-58.48,-60.55,-61.08
ROTATION,-55.83,-59.57,-66.91,-72.78,-62.32,-55.46,-54.64,-54.9
ROTATION,-53.54,-75.86,-61.23,-51.64,-62.61,-65.93,-58.28,-55.34
IDLE,-51.72,-56.52,-58.07,-54.77,-58.17,-59.05,-57.92,-56.91
IDLE,-69.41,-65.09,-67.65,-64.81,-63.83,-66.55,-68.13,-64.76
IDLE,-58.81,-60.22,-58.92,-60.77,-62.28,-59.77,-59.64,-59.69
IDLE,-64.3,-63.63,-66.17,-68.47,-69.23,-68.94,-71.13,-66.49
DOUBLE_APPROACH,-83.84,-80.34,-80.95,-71.3,-78.41,-77.03,-67.27,-65.37
SLOW_DEPARTURE,-61.38,-63.2,-62.21,-72.35,-73.47,-74.75,-86.27,-94.39
IDLE,-68.18,-64.1,-65.27,-66.69,-68.44,-65.2,-70.83,-59.58
ROTATION,-62.26,-63.07,-72.65,-88.75,-83.86,-69.91,-61.52,-60.43
SLOW_DEPARTURE,-46.94,-59.71,-62.62,-68.05,-69.84,-83.75,-82.04,-91.31
SLOW_DEPARTURE,-58.02,-64.02,-67.21,-74.33,-79.71,-85.31,-90.75,-92.65
SLOW_DEPARTURE,-56.0,-61.1,-64.19,-63.46,-67.07,-67.9,-69.42,-73.35
ROTATION,-56.5,-64.29,-76.7,-59.55,-57.79,-64.91,-70.06,-65.3
ROTATION,-62.99,-62.5,-76.01,-79.23,-70.49,-63.93,-64.35,-54.99
DOUBLE_APPROACH,-81.1,-76.38,-77.75,-67.45,-62.45,-60.01,-56.71,-50.25
SLOW_DEPARTURE,-54.11,-61.92,-60.51,-60.9,-62.98,-70.12,-69.04,-67.48
DOUBLE_APPROACH,-87.63,-84.25,-86.75,-76.24,-75.86,-74.15,-65.93,-64.08
ROTATION,-58.17,-69.83,-76.07,-79.86,-65.77,-64.15,-58.88,-58.06
DOUBLE_APPROACH,-88.29,-83.33,-78.68,-75.29,-72.66,-70.01,-65.79,-61.68
ROTATION,-57.9,-60.89,-58.27,-67.25,-75.09,-65.66,-57.18,-60.0
ROTATION,-62.47,-65.28,-67.68,-71.54,-77.53,-74.51,-65.98,-63.97
ROTATION,-62.83,-67.86,-77.45,-63.89,-61.27,-77.38,-70.42,-59.03
DOUBLE_APPROACH,-82.74,-79.17,-77.21,-72.79,-67.58,-66.76,-58.57,-55.2
IDLE,-56.07,-56.81,-58.67,-58.25,-60.32,-58.47,-56.19,-58.56
ROTATION,-58.97,-60.05,-82.3,-61.57,-65.49,-71.9,-66.34,-61.69
DOUBLE_APPROACH,-85.85,-82.64,-81.07,-78.65,-72.83,-74.39,-69.27,-58.14
DOUBLE_APPROACH,-84.98,-79.45,-75.65,-64.61,-78.4,-71.26,-63.19,-61.35
ROTATION,-56.74,-62.09,-76.51,-57.13,-57.27,-64.1,-68.23,-55.63
ROTATION,-57.44,-79.44,-67.55,-58.36,-61.76,-69.44,-74.86,-60.62
ROTATION,-62.93,-78.26,-73.8,-61.77,-61.54,-72.47,-66.66,-59.18
ROTATION,-58.88,-51.94,-59.69,-65.05,-82.65,-72.89,-61.73,-55.12
IDLE,-52.37,-52.32,-58.4,-49.89,-53.85,-56.52,-51.97,-53.82
SLOW_DEPARTURE,-49.93,-50.09,-53.26,-49.25,-51.51,-58.95,-61.86,-70.87
DOUBLE_APPROACH,-83.12,-82.45,-82.0,-72.98,-72.13,-64.95,-57.71,-60.78
IDLE,-63.42,-60.01,-61.4,-59.93,-60.28,-57.46,-58.49,-61.38
ROTATION,-58.46,-62.48,-66.72,-77.63,-69.06,-65.31,-62.8,-62.02
DOUBLE_APPROACH,-89.61,-81.56,-77.96,-71.79,-78.65,-71.88,-61.95,-51.05
DOUBLE_APPROACH,-83.67,-84.7,-73.45,-68.93,-66.22,-69.78,-60.22,-51.23
SLOW_DEPARTURE,-59.12,-63.16,-66.69,-68.09,-71.5,-75.35,-79.36,-74.75
ROTATION,-53.37,-58.35,-72.36,-87.83,-75.23,-65.32,-58.9,-57.41
DOUBLE_APPROACH,-89.88,-84.52,-85.62,-81.41,-77.93,-82.69,-72.1,-59.61
IDLE,-63.88,-66.41,-63.75,-62.38,-62.91,-66.23,-62.73,-61.19
IDLE,-67.86,-67.12,-65.67,-65.22,-68.44,-65.76,-67.58,-68.87
ROTATION,-64.21,-71.65,-79.9,-78.58,-68.52,-73.15,-79.2,-68.51
DOUBLE_APPROACH,-84.81,-77.93,-76.81,-74.45,-66.87,-76.17,-69.62,-49.55
DOUBLE_APPROACH,-88.57,-83.92,-75.57,-75.66,-72.16,-73.48,-69.16,-54.59
ROTATION,-65.17,-78.71,-79.53,-80.29,-76.99,-64.98,-61.65,-62.42
IDLE,-63.24,-63.48,-61.9,-65.36,-68.54,-60.16,-58.4,-63.72
DOUBLE_APPROACH,-90.08,-86.11,-84.45,-79.68,-81.03,-86.49,-73.03,-63.12
IDLE,-55.14,-53.62,-51.63,-52.32,-57.26,-49.93,-54.96,-52.25
DOUBLE_APPROACH,-88.7,-83.86,-78.1,-73.46,-69.02,-66.97,-67.53,-56.44
SLOW_DEPARTURE,-47.4,-50.39,-55.08,-53.42,-60.77,-66.11,-68.59,-77.0
SLOW_DEPARTURE,-47.13,-47.1,-59.52,-65.53,-68.08,-79.74,-82.92,-79.48
IDLE,-62.66,-60.65,-64.09,-69.47,-61.55,-68.63,-65.38,-67.37
IDLE,-68.17,-68.57,-68.36,-65.93,-65.4,-65.98,-65.27,-71.44
IDLE,-65.29,-68.3,-67.44,-70.0,-63.08,-67.72,-70.0,-65.26
IDLE,-68.87,-68.63,-71.49,-66.79,-65.05,-65.92,-60.63,-67.54
ROTATION,-63.55,-81.65,-70.72,-64.67,-63.08,-74.37,-67.14,-62.66
IDLE,-51.37,-55.58,-54.03,-54.25,-56.29,-55.66,-53.44,-54.24
SLOW_DEPARTURE,-60.52,-60.09,-63.1,-67.84,-72.5,-84.93,-86.61,-92.19
SLOW_DEPARTURE,-45.8,-54.98,-55.4,-57.33,-62.96,-62.6,-63.5,-67.16
ROTATION,-60.92,-73.84,-70.28,-59.28,-70.19,-73.63,-64.86,-64.01
DOUBLE_APPROACH,-83.53,-82.17,-72.05,-68.18,-74.54,-66.77,-61.89,-58.62
SLOW_DEPARTURE,-55.68,-66.38,-70.24,-72.16,-77.08,-79.12,-79.93,-83.53
DOUBLE_APPROACH,-88.75,-86.35,-79.72,-79.4,-78.6,-78.88,-66.97,-65.69
ROTATION,-67.98,-78.79,-80.73,-71.71,-78.18,-74.48,-62.67,-63.57
IDLE,-60.27,-54.1,-56.89,-60.8,-58.51,-57.39,-58.21,-60.2
SLOW_DEPARTURE,-53.97,-50.52,-57.32,-65.82,-66.16,-68.92,-71.08,-73.54
ROTATION,-67.54,-68.84,-64.33,-69.25,-80.68,-79.41,-70.19,-68.0
DOUBLE_APPROACH,-80.39,-80.04,-77.07,-71.58,-79.0,-72.6,-59.29,-57.87
SLOW_DEPARTURE,-48.01,-50.64,-53.73,-50.94,-59.45,-64.06,-71.08,-75.93
SLOW_DEPARTURE,-46.5,-47.49,-58.07,-60.3,-61.26,-64.53,-74.19,-71.76
SLOW_DEPARTURE,-60.2,-62.29,-63.8,-65.41,-70.58,-76.39,-84.17,-91.07
IDLE,-59.42,-60.44,-62.43,-62.48,-61.72,-65.02,-65.98,-60.49
DOUBLE_APPROACH,-82.68,-76.61,-75.13,-73.59,-72.7,-61.88,-55.56,-51.79
IDLE,-70.15,-67.36,-69.69,-70.1,-64.54,-65.65,-72.57,-68.86
SLOW_DEPARTURE,-49.53,-50.82,-60.5,-57.14,-61.18,-63.44,-68.88,-63.65
ROTATION,-58.28,-66.43,-75.32,-81.0,-70.56,-54.74,-55.84,-56.93
ROTATION,-63.28,-83.25,-89.05,-63.17,-65.3,-70.97,-75.19,-69.83
ROTATION,-60.01,-58.5,-64.76,-77.59,-64.8,-59.87,-57.69,-56.35
SLOW_DEPARTURE,-63.33,-66.2,-72.19,-73.97,-80.34,-85.39,-95.98,-98.0
IDLE,-52.97,-54.69,-56.52,-52.62,-54.7,-52.8,-54.94,-57.66
DOUBLE_APPROACH,-83.06,-79.21,-78.2,-73.45,-75.11,-71.35,-72.7,-57.75
ROTATION,-67.72,-78.92,-81.84,-66.71,-65.55,-70.75,-74.42,-69.0
DOUBLE_APPROACH,-81.53,-81.67,-71.91,-68.07,-65.16,-63.76,-64.93,-44.93
IDLE,-59.31,-59.34,-59.71,-57.62,-59.06,-61.76,-62.39,-59.14
IDLE,-58.83,-58.04,-59.72,-59.6,-60.4,-61.23,-59.36,-61.18
DOUBLE_APPROACH,-89.54,-86.47,-82.91,-72.57,-71.41,-67.62,-62.38,-58.16
IDLE,-65.31,-65.54,-73.31,-69.11,-68.28,-70.55,-62.6,-69.16
ROTATION,-54.56,-58.02,-58.22,-70.68,-73.75,-77.08,-65.4,-56.26
ROTATION,-59.78,-62.55,-64.42,-73.79,-88.26,-75.37,-62.81,-66.35
IDLE,-67.53,-66.6,-69.26,-64.81,-68.02,-67.16,-71.01,-65.79
DOUBLE_APPROACH,-92.08,-83.36,-82.05,-77.63,-69.5,-64.47,-59.02,-58.32
DOUBLE_APPROACH,-84.56,-83.76,-78.02,-78.32,-68.15,-68.51,-62.18,-58.7
SLOW_DEPARTURE,-48.18,-52.33,-49.08,-57.53,-63.7,-65.33,-77.2,-84.18
SLOW_DEPARTURE,-47.88,-51.52,-53.08,-57.17,-56.56,-57.67,-66.07,-68.24
IDLE,-64.75,-65.25,-68.67,-66.4,-68.36,-67.06,-66.52,-70.92
ROTATION,-62.76,-61.43,-61.93,-81.58,-82.11,-81.73,-65.2,-63.96
SLOW_DEPARTURE,-55.67,-60.64,-61.67,-64.91,-65.98,-71.57,-71.05,-72.56
ROTATION,-62.13,-57.32,-68.17,-82.26,-73.21,-69.06,-62.8,-59.54
ROTATION,-63.39,-66.07,-83.61,-66.79,-70.89,-89.93,-71.5,-65.18
ROTATION,-61.04,-65.45,-74.83,-57.06,-60.67,-77.12,-61.46,-60.12
SLOW_DEPARTURE,-50.91,-61.61,-61.97,-63.9,-72.98,-68.67,-69.98,-72.33
DOUBLE_APPROACH,-89.63,-84.14,-82.73,-82.8,-77.58,-77.92,-72.82,-64.79
ROTATION,-68.22,-80.53,-85.01,-68.03,-71.37,-85.0,-76.71,-65.29
ROTATION,-61.35,-61.43,-64.31,-82.98,-77.54,-67.59,-60.43,-58.53
IDLE,-58.8,-60.67,-57.35,-57.98,-60.31,-55.2,-58.46,-56.13
DOUBLE_APPROACH,-89.68,-86.25,-75.65,-67.51,-76.41,-68.67,-57.46,-52.59
ROTATION,-61.29,-68.81,-81.86,-74.42,-65.57,-68.82,-76.56,-65.46
ROTATION,-55.78,-63.6,-61.47,-80.04,-79.2,-74.81,-57.89,-61.57
IDLE,-63.53,-62.51,-63.45,-56.11,-60.54,-56.33,-58.16,-59.97
ROTATION,-67.46,-61.5,-73.27,-81.93,-68.12,-61.76,-66.2,-60.69
DOUBLE_APPROACH,-83.83,-83.24,-77.33,-72.16,-67.62,-58.09,-53.14,-49.6
IDLE,-67.17,-62.17,-62.02,-68.87,-62.17,-63.83,-67.4,-67.78
SLOW_DEPARTURE,-54.06,-59.24,-60.88,-67.2,-67.52,-79.83,-79.36,-79.69
ROTATION,-65.27,-63.99,-69.83,-80.98,-84.85,-76.03,-67.39,-61.59
DOUBLE_APPROACH,-87.62,-87.24,-84.17,-80.32,-73.72,-68.09,-64.45,-61.33
DOUBLE_APPROACH,-81.13,-76.26,-72.4,-66.11,-62.21,-72.73,-62.87,-52.08
IDLE,-58.34,-64.88,-55.99,-59.46,-60.15,-63.22,-57.65,-59.07
ROTATION,-64.23,-72.72,-85.17,-69.58,-67.23,-79.68,-65.4,-59.06
IDLE,-64.54,-63.01,-59.78,-61.66,-62.36,-56.99,-63.87,-61.42
IDLE,-66.82,-66.58,-66.97,-65.74,-72.06,-65.24,-70.68,-66.95
DOUBLE_APPROACH,-79.84,-76.08,-75.12,-74.01,-63.38,-69.22,-59.83,-54.35
DOUBLE_APPROACH,-91.41,-80.68,-81.27,-71.86,-72.52,-64.6,-62.25,-58.66
SLOW_DEPARTURE,-45.87,-50.78,-57.92,-62.76,-59.77,-65.45,-66.48,-64.52
ROTATION,-65.55,-60.87,-74.47,-82.71,-73.75,-76.34,-62.99,-60.68
ROTATION,-56.16,-69.57,-80.98,-65.13,-71.22,-78.46,-69.87,-55.52
SLOW_DEPARTURE,-49.26,-46.68,-46.59,-59.01,-57.89,-59.51,-66.34,-77.5
IDLE,-67.75,-66.32,-65.3,-64.88,-61.72,-65.31,-65.45,-64.11
ROTATION,-65.17,-74.7,-76.65,-72.94,-69.27,-82.06,-75.32,-65.59
IDLE,-56.59,-55.17,-57.11,-53.31,-52.72,-51.9,-50.62,-52.64
ROTATION,-62.55,-64.4,-71.74,-73.55,-77.58,-81.91,-68.12,-61.5
ROTATION,-59.31,-64.5,-69.19,-64.01,-67.92,-66.88,-63.8,-60.54
DOUBLE_APPROACH,-84.93,-84.43,-77.42,-74.47,-67.82,-65.21,-56.58,-56.98
IDLE,-54.78,-48.96,-49.67,-51.55,-51.66,-48.79,-48.4,-53.27
IDLE,-66.43,-66.75,-63.81,-64.31,-63.27,-65.7,-64.33,-68.41
SLOW_DEPARTURE,-48.83,-50.26,-51.71,-61.15,-61.91,-56.44,-66.8,-63.9
DOUBLE_APPROACH,-88.0,-87.5,-81.2,-76.08,-71.57,-82.39,-72.66,-64.12
IDLE,-68.65,-65.0,-63.1,-66.0,-70.29,-64.95,-61.66,-70.04
SLOW_DEPARTURE,-46.92,-50.95,-61.05,-63.63,-63.28,-64.32,-72.62,-67.43
ROTATION,-64.06,-60.59,-68.95,-82.52,-74.66,-63.99,-61.19,-61.06
DOUBLE_APPROACH,-87.11,-86.45,-75.06,-66.89,-75.36,-67.4,-64.28,-53.21
ROTATION,-64.26,-66.2,-75.38,-83.14,-74.86,-64.22,-65.0,-63.08
DOUBLE_APPROACH,-81.17,-80.93,-78.06,-74.2,-65.79,-56.08,-55.5,-56.18
IDLE,-54.77,-59.07,-57.48,-55.03,-58.27,-56.53,-52.89,-53.45
IDLE,-52.39,-55.05,-51.65,-56.51,-51.97,-56.95,-51.23,-53.47
DOUBLE_APPROACH,-89.2,-88.58,-76.93,-71.5,-70.99,-73.3,-63.54,-55.7
IDLE,-63.93,-71.19,-65.83,-66.79,-67.69,-65.43,-64.12,-62.4
DOUBLE_APPROACH,-84.2,-82.46,-82.34,-77.04,-77.24,-67.94,-64.38,-61.62
IDLE,-55.01,-55.32,-57.78,-57.01,-52.93,-55.83,-56.09,-57.77
IDLE,-64.02,-61.76,-59.24,-60.24,-65.1,-60.33,-66.2,-65.43
SLOW_DEPARTURE,-52.27,-55.9,-61.5,-66.5,-74.77,-77.89,-87.18,-89.64
IDLE,-54.32,-55.58,-54.26,-52.96,-53.1,-51.18,-52.64,-51.79
ROTATION,-57.38,-69.22,-79.67,-65.34,-60.42,-65.61,-70.58,-63.78
DOUBLE_APPROACH,-88.46,-85.29,-77.25,-68.08,-70.52,-72.87,-59.23,-50.04
DOUBLE_APPROACH,-89.63,-88.69,-85.32,-82.8,-80.63,-82.59,-77.4,-65.47
DOUBLE_APPROACH,-89.64,-88.13,-83.81,-85.43,-82.85,-89.52,-76.91,-64.77
DOUBLE_APPROACH,-79.14,-82.82,-78.94,-72.82,-72.88,-68.42,-62.73,-56.79
SLOW_DEPARTURE,-48.46,-50.24,-51.34,-54.79,-55.59,-59.52,-60.98,-65.7
IDLE,-59.97,-61.92,-57.48,-57.52,-61.08,-60.79,-64.36,-60.33
DOUBLE_APPROACH,-85.86,-83.76,-76.82,-78.5,-76.1,-80.38,-69.22,-61.45
ROTATION,-68.48,-87.03,-89.21,-69.58,-73.19,-79.12,-73.14,-66.85
SLOW_DEPARTURE,-53.91,-55.02,-59.63,-63.29,-72.42,-78.49,-86.0,-92.93
DOUBLE_APPROACH,-83.38,-81.28,-77.92,-80.98,-72.43,-81.42,-72.87,-55.16
SLOW_DEPARTURE,-52.92,-66.71,-64.62,-75.54,-80.22,-84.68,-89.26,-97.24
IDLE,-56.2,-59.43,-57.81,-60.48,-59.31,-58.68,-65.88,-57.52
ROTATION,-68.17,-78.19,-86.4,-74.49,-68.74,-75.31,-71.61,-62.97
IDLE,-63.76,-63.47,-62.72,-62.73,-63.07,-61.62,-64.5,-59.61
DOUBLE_APPROACH,-85.71,-86.26,-81.66,-72.8,-70.23,-63.71,-56.23,-58.35
IDLE,-66.88,-69.09,-67.11,-67.87,-68.52,-66.89,-65.96,-64.37
DOUBLE_APPROACH,-88.06,-89.3,-81.55,-74.37,-72.92,-69.2,-63.2,-61.58
SLOW_DEPARTURE,-51.32,-53.7,-61.48,-63.59,-70.21,-70.02,-80.67,-77.79
IDLE,-67.61,-70.43,-62.98,-65.89,-64.28,-71.28,-66.11,-66.37
DOUBLE_APPROACH,-90.09,-88.18,-82.7,-79.73,-76.81,-80.99,-74.65,-65.59
ROTATION,-65.02,-62.34,-61.36,-73.38,-80.65,-71.09,-65.94,-64.81
ROTATION,-65.26,-83.64,-86.83,-65.78,-74.53,-80.3,-70.35,-63.89
SLOW_DEPARTURE,-57.08,-58.59,-65.56,-73.7,-67.93,-71.33,-75.01,-73.4
ROTATION,-62.58,-66.3,-76.48,-78.31,-65.87,-72.02,-74.23,-61.18
DOUBLE_APPROACH,-82.0,-79.59,-72.04,-71.32,-64.06,-69.62,-57.31,-49.59
ROTATION,-61.34,-72.38,-64.76,-58.21,-65.19,-65.9,-61.34,-55.24
ROTATION,-64.05,-73.23,-79.21,-66.37,-61.21,-69.25,-75.44,-63.21
SLOW_DEPARTURE,-43.69,-49.2,-51.11,-54.11,-60.29,-60.59,-73.3,-76.64
DOUBLE_APPROACH,-88.58,-85.74,-86.39,-80.54,-81.48,-83.71,-79.09,-69.6
DOUBLE_APPROACH,-84.82,-84.19,-75.22,-73.38,-71.19,-74.28,-65.6,-55.8
DOUBLE_APPROACH,-87.74,-81.73,-82.23,-84.97,-75.41,-76.88,-67.67,-60.3
IDLE,-64.75,-62.3,-63.0,-59.54,-58.85,-61.55,-61.51,-60.81
SLOW_DEPARTURE,-43.19,-46.65,-49.89,-58.95,-62.15,-59.34,-66.59,-70.39
IDLE,-57.5,-55.4,-57.59,-54.22,-57.15,-57.29,-55.37,-57.13
ROTATION,-64.82,-69.02,-84.2,-85.73,-76.19,-69.75,-71.7,-69.31
ROTATION,-62.68,-69.54,-85.82,-73.88,-69.2,-76.37,-74.86,-68.25
ROTATION,-64.26,-63.88,-69.0,-78.26,-84.84,-85.93,-75.65,-67.45
DOUBLE_APPROACH,-88.06,-83.71,-79.37,-76.54,-70.92,-65.81,-54.86,-55.72
ROTATION,-59.68,-73.97,-73.08,-60.94,-66.63,-67.62,-61.45,-59.88
SLOW_DEPARTURE,-45.95,-52.73,-55.46,-57.44,-66.34,-63.26,-67.61,-71.66
IDLE,-59.5,-60.97,-60.19,-58.5,-54.53,-57.99,-55.86,-58.39
SLOW_DEPARTURE,-47.85,-51.14,-56.86,-52.61,-55.68,-64.35,-65.39,-72.76
SLOW_DEPARTURE,-55.22,-58.02,-60.55,-66.49,-72.84,-73.57,-75.32,-77.74
DOUBLE_APPROACH,-81.31,-77.04,-72.77,-64.0,-66.11,-61.28,-57.17,-45.29
DOUBLE_APPROACH,-90.72,-80.92,-76.45,-76.0,-67.37,-71.55,-62.85,-52.25
DOUBLE_APPROACH,-93.5,-87.52,-84.68,-76.44,-78.4,-67.26,-69.34,-63.09
SLOW_DEPARTURE,-44.58,-49.63,-59.07,-56.94,-63.92,-69.48,-74.45,-84.07
IDLE,-65.65,-63.48,-64.51,-65.2,-64.66,-67.23,-61.99,-64.69
SLOW_DEPARTURE,-46.49,-40.42,-50.14,-54.6,-56.63,-70.41,-71.25,-84.31
SLOW_DEPARTURE,-44.81,-44.62,-51.42,-54.4,-56.9,-62.68,-67.69,-74.25
IDLE,-70.59,-65.6,-65.87,-65.41,-67.31,-70.07,-68.91,-69.57
IDLE,-60.65,-58.9,-62.55,-61.95,-60.13,-64.31,-61.8,-58.25
SLOW_DEPARTURE,-47.8,-53.48,-55.18,-68.11,-75.15,-70.58,-83.13,-88.91
SLOW_DEPARTURE,-53.23,-54.36,-64.21,-59.68,-64.07,-60.42,-63.3,-63.44
DOUBLE_APPROACH,-86.67,-79.26,-76.44,-75.22,-82.18,-67.92,-53.92,-51.66
DOUBLE_APPROACH,-85.79,-84.99,-76.63,-73.99,-74.13,-68.13,-65.62,-48.02
DOUBLE_APPROACH,-84.95,-84.2,-77.45,-73.59,-71.89,-73.84,-63.83,-49.24
SLOW_DEPARTURE,-48.24,-55.07,-55.53,-64.49,-69.22,-68.1,-74.16,-80.59
IDLE,-62.97,-67.13,-63.99,-66.53,-67.56,-60.15,-65.96,-64.75
DOUBLE_APPROACH,-86.34,-77.91,-76.31,-70.04,-72.01,-78.54,-61.46,-56.56
SLOW_DEPARTURE,-58.52,-63.6,-63.2,-70.34,-71.58,-76.06,-80.27,-81.73
ROTATION,-60.6,-68.41,-87.56,-67.21,-66.99,-64.97,-70.83,-65.67
SLOW_DEPARTURE,-48.98,-55.46,-60.46,-64.88,-61.58,-66.32,-70.29,-67.79
SLOW_DEPARTURE,-48.62,-49.64,-53.11,-57.2,-61.66,-67.47,-73.97,-78.03
SLOW_DEPARTURE,-52.4,-59.3,-57.82,-59.25,-59.9,-69.48,-71.43,-75.76
ROTATION,-60.33,-61.55,-77.33,-82.14,-78.63,-70.82,-62.39,-58.79
ROTATION,-62.52,-71.52,-82.95,-66.47,-63.42,-74.7,-77.11,-68.44
DOUBLE_APPROACH,-92.78,-84.3,-80.98,-77.11,-70.94,-81.3,-63.76,-51.73
ROTATION,-60.97,-62.91,-71.03,-74.07,-78.53,-77.15,-69.28,-61.14
IDLE,-53.15,-53.86,-54.58,-57.11,-54.91,-51.94,-55.03,-54.24
IDLE,-66.58,-66.09,-63.12,-65.57,-63.12,-67.35,-65.19,-63.84
ROTATION,-62.86,-68.16,-76.33,-86.35,-80.47,-69.29,-62.92,-64.61
SLOW_DEPARTURE,-57.69,-54.48,-60.47,-60.66,-66.96,-76.56,-86.29,-91.35
DOUBLE_APPROACH,-84.62,-81.24,-73.57,-64.48,-63.87,-51.27,-50.75,-40.95
SLOW_DEPARTURE,-53.8,-59.34,-63.11,-67.71,-68.08,-73.86,-74.67,-72.74
SLOW_DEPARTURE,-50.51,-55.32,-57.62,-59.47,-60.07,-59.5,-66.39,-70.26
ROTATION,-65.97,-70.79,-92.62,-80.39,-72.31,-74.78,-68.0,-63.57
ROTATION,-69.38,-83.09,-81.25,-73.58,-70.0,-76.49,-73.81,-69.89
SLOW_DEPARTURE,-56.62,-62.61,-67.75,-69.27,-72.72,-80.07,-91.37,-90.56
ROTATION,-57.19,-57.13,-60.67,-64.22,-77.36,-70.23,-62.45,-64.46
IDLE,-53.34,-55.41,-55.86,-55.51,-59.44,-56.4,-56.96,-55.89
ROTATION,-60.08,-69.32,-76.01,-64.77,-56.23,-61.68,-67.64,-60.34
ROTATION,-66.77,-67.95,-76.1,-62.72,-70.39,-78.88,-62.8,-60.28
IDLE,-65.46,-65.44,-68.12,-65.22,-68.62,-67.11,-63.25,-68.5
ROTATION,-65.98,-78.72,-86.92,-68.76,-65.9,-76.7,-70.57,-67.62
ROTATION,-61.82,-61.43,-65.39,-54.48,-65.58,-75.75,-59.66,-54.69
IDLE,-57.34,-61.28,-59.87,-63.91,-54.7,-60.72,-55.53,-62.53
SLOW_DEPARTURE,-58.94,-59.5,-62.98,-68.96,-78.24,-84.0,-87.81,-95.5
IDLE,-61.55,-60.51,-68.25,-63.84,-62.59,-64.32,-63.4,-67.28
ROTATION,-61.93,-73.58,-77.14,-71.43,-70.49,-69.24,-69.68,-59.1
SLOW_DEPARTURE,-60.86,-61.38,-66.7,-68.61,-70.75,-64.99,-67.05,-74.44
IDLE,-51.13,-53.93,-52.76,-54.37,-51.85,-54.22,-57.71,-55.52
SLOW_DEPARTURE,-58.62,-59.1,-66.11,-59.63,-72.2,-68.88,-75.22,-73.59
IDLE,-52.16,-51.64,-49.26,-52.75,-52.69,-49.13,-56.13,-49.9
IDLE,-67.62,-65.15,-62.72,-65.17,-66.75,-68.75,-66.8,-65.59
ROTATION,-56.16,-62.21,-77.7,-71.02,-65.77,-70.03,-58.81,-54.68
SLOW_DEPARTURE,-54.21,-58.85,-69.73,-66.23,-72.69,-79.67,-84.84,-90.86
ROTATION,-61.02,-76.15,-77.31,-65.49,-62.34,-73.72,-70.61,-60.54
IDLE,-57.56,-60.76,-57.23,-58.55,-57.8,-62.51,-58.19,-56.61
ROTATION,-67.92,-83.8,-77.96,-69.27,-65.56,-81.29,-68.13,-65.4
SLOW_DEPARTURE,-60.93,-59.63,-59.95,-66.05,-63.82,-72.65,-77.22,-86.37
SLOW_DEPARTURE,-50.58,-53.76,-59.85,-58.89,-62.12,-66.05,-74.29,-80.55
SLOW_DEPARTURE,-45.18,-48.41,-52.82,-52.15,-64.43,-65.26,-77.92,-89.59
SLOW_DEPARTURE,-49.7,-55.47,-58.55,-62.87,-61.9,-72.61,-68.74,-72.97
DOUBLE_APPROACH,-86.63,-86.84,-80.13,-76.85,-86.81,-73.06,-68.18,-64.45
SLOW_DEPARTURE,-64.34,-67.23,-68.84,-75.6,-78.79,-78.64,-78.91,-81.87
IDLE,-50.69,-55.28,-53.67,-51.53,-50.61,-51.96,-53.82,-54.9
IDLE,-66.46,-64.27,-68.62,-65.8,-62.13,-69.26,-65.55,-63.92
IDLE,-54.12,-52.54,-52.69,-50.71,-51.16,-55.14,-51.29,-50.96
SLOW_DEPARTURE,-52.01,-50.4,-52.45,-58.67,-59.7,-61.38,-67.63,-69.1
SLOW_DEPARTURE,-51.05,-56.35,-56.77,-58.54,-57.92,-65.19,-65.06,-65.84
SLOW_DEPARTURE,-52.94,-54.66,-59.44,-65.9,-67.38,-80.4,-78.76,-88.75
SLOW_DEPARTURE,-54.42,-60.31,-60.31,-62.39,-78.79,-70.75,-78.77,-88.97
SLOW_DEPARTURE,-50.51,-59.26,-63.68,-70.22,-71.53,-75.74,-82.4,-84.98
ROTATION,-57.14,-69.61,-69.42,-64.67,-69.68,-73.5,-68.7,-58.69
SLOW_DEPARTURE,-48.88,-48.75,-54.68,-54.32,-56.86,-65.86,-68.92,-73.06
DOUBLE_APPROACH,-85.51,-79.99,-74.46,-69.05,-73.94,-62.77,-59.31,-53.76
ROTATION,-58.34,-63.07,-75.75,-61.84,-63.76,-72.02,-76.02,-58.12
DOUBLE_APPROACH,-87.88,-82.67,-82.43,-80.63,-79.4,-76.64,-72.97,-63.06
SLOW_DEPARTURE,-61.74,-61.74,-65.15,-66.68,-66.56,-70.66,-69.14,-73.6
ROTATION,-56.12,-64.17,-74.83,-69.2,-58.84,-60.24,-64.85,-59.21
SLOW_DEPARTURE,-51.72,-60.85,-59.4,-68.0,-62.63,-62.84,-65.28,-66.48
SLOW_DEPARTURE,-50.26,-53.05,-59.26,-62.2,-60.6,-66.79,-75.96,-76.0
IDLE,-61.33,-61.56,-62.51,-63.43,-59.06,-58.02,-61.99,-60.23
SLOW_DEPARTURE,-50.69,-52.04,-52.1,-60.23,-58.25,-62.36,-59.69,-61.45
SLOW_DEPARTURE,-55.42,-58.86,-56.66,-59.76,-64.27,-64.05,-75.05,-81.59
SLOW_DEPARTURE,-61.39,-53.01,-55.81,-66.83,-70.49,-73.33,-79.69,-88.97
ROTATION,-58.81,-63.06,-76.93,-75.49,-70.86,-68.63,-63.18,-60.42
SLOW_DEPARTURE,-56.75,-69.68,-63.59,-63.61,-69.8,-71.25,-72.16,-72.81
DOUBLE_APPROACH,-90.8,-86.14,-85.31,-74.67,-73.07,-77.11,-78.9,-59.81
ROTATION,-69.71,-72.6,-88.1,-93.63,-86.36,-74.57,-63.74,-61.28
IDLE,-54.9,-55.9,-57.96,-57.48,-55.12,-54.28,-55.83,-55.88
SLOW_DEPARTURE,-46.15,-51.9,-50.43,-62.1,-65.05,-67.57,-61.88,-60.75
DOUBLE_APPROACH,-87.75,-81.42,-75.87,-75.7,-72.39,-63.16,-60.06,-54.77
DOUBLE_APPROACH,-90.27,-85.3,-81.03,-73.86,-69.24,-61.09,-56.41,-57.15
IDLE,-67.77,-72.27,-65.8,-65.17,-70.07,-70.56,-75.07,-72.29
ROTATION,-63.64,-66.48,-72.19,-81.55,-90.98,-79.0,-66.14,-62.31
DOUBLE_APPROACH,-87.98,-80.32,-79.85,-77.6,-76.06,-80.59,-74.23,-62.88
ROTATION,-59.09,-59.23,-74.71,-71.98,-60.93,-69.68,-66.52,-59.5
IDLE,-60.64,-58.3,-62.51,-62.63,-60.02,-62.56,-56.89,-60.34
ROTATION,-66.12,-67.51,-68.66,-67.56,-66.5,-77.97,-69.83,-60.37
ROTATION,-62.94,-63.25,-73.99,-88.02,-86.05,-80.25,-70.61,-62.61
IDLE,-52.35,-52.27,-53.87,-52.66,-57.96,-49.03,-52.75,-50.66
SLOW_DEPARTURE,-58.93,-59.84,-60.98,-69.49,-72.92,-77.0,-83.8,-90.26
IDLE,-57.63,-56.82,-57.71,-56.3,-56.95,-57.46,-57.48,-58.19
ROTATION,-66.29,-60.4,-73.49,-69.05,-61.14,-65.0,-71.76,-67.59
DOUBLE_APPROACH,-90.3,-89.69,-80.53,-76.11,-71.19,-75.34,-76.66,-58.56
IDLE,-64.82,-65.76,-62.55,-62.91,-65.42,-64.65,-63.44,-61.61
DOUBLE_APPROACH,-97.51,-89.14,-80.25,-71.96,-83.72,-73.93,-69.46,-63.36
SLOW_DEPARTURE,-41.49,-48.51,-55.47,-60.85,-67.6,-71.04,-72.11,-79.68
SLOW_DEPARTURE,-47.29,-51.42,-53.56,-62.04,-62.09,-62.04,-66.25,-72.85
SLOW_DEPARTURE,-51.94,-55.35,-58.32,-63.82,-65.92,-68.37,-75.54,-79.07
DOUBLE_APPROACH,-83.46,-83.06,-83.65,-79.84,-76.9,-77.81,-70.59,-68.01
SLOW_DEPARTURE,-54.26,-56.24,-56.75,-62.54,-71.64,-71.45,-74.15,-83.21
DOUBLE_APPROACH,-81.23,-79.4,-74.42,-70.99,-65.3,-74.1,-63.01,-48.3
DOUBLE_APPROACH,-83.05,-76.42,-70.05,-70.24,-65.01,-65.93,-61.53,-55.64
DOUBLE_APPROACH,-78.67,-76.34,-69.37,-65.25,-65.07,-55.98,-51.5,-46.21
SLOW_DEPARTURE,-51.98,-44.47,-53.7,-63.44,-67.95,-68.58,-73.28,-74.17
DOUBLE_APPROACH,-85.53,-80.15,-74.39,-69.27,-70.21,-65.14,-55.44,-57.14
ROTATION,-56.56,-62.61,-72.54,-62.79,-55.87,-71.8,-76.02,-56.39
DOUBLE_APPROACH,-85.93,-82.98,-73.75,-70.11,-67.68,-71.01,-60.09,-51.47
SLOW_DEPARTURE,-59.12,-66.6,-66.9,-68.62,-69.62,-73.45,-77.33,-74.12
IDLE,-61.91,-59.63,-59.84,-62.54,-62.99,-58.43,-61.16,-60.23
DOUBLE_APPROACH,-82.95,-81.93,-75.32,-72.88,-66.03,-61.44,-53.99,-43.55
DOUBLE_APPROACH,-80.73,-82.21,-78.89,-70.95,-67.91,-59.61,-56.12,-56.69
ROTATION,-65.85,-77.05,-79.51,-66.35,-63.58,-73.36,-66.95,-52.44
SLOW_DEPARTURE,-62.98,-65.69,-74.15,-69.16,-73.62,-83.35,-78.49,-80.48
ROTATION,-54.3,-66.35,-71.33,-55.17,-60.61,-63.62,-75.31,-52.59
SLOW_DEPARTURE,-45.94,-42.87,-53.22,-54.78,-63.48,-67.69,-65.19,-73.58
ROTATION,-56.79,-62.41,-71.93,-74.26,-68.51,-71.43,-57.69,-60.37
SLOW_DEPARTURE,-57.88,-59.24,-67.65,-72.4,-75.95,-81.33,-86.51,-92.79
SLOW_DEPARTURE,-54.35,-59.44,-64.34,-73.58,-74.74,-73.99,-88.55,-88.05
IDLE,-60.33,-57.85,-57.06,-55.15,-54.74,-56.51,-63.45,-52.03
DOUBLE_APPROACH,-88.06,-83.23,-82.13,-72.7,-73.17,-63.45,-61.46,-59.35
DOUBLE_APPROACH,-83.11,-79.53,-72.1,-74.14,-69.18,-71.93,-73.11,-62.7
IDLE,-63.54,-60.56,-61.75,-59.05,-61.85,-60.02,-60.21,-58.75
ROTATION,-53.74,-62.66,-69.35,-54.61,-62.91,-69.61,-59.61,-55.5
SLOW_DEPARTURE,-49.8,-49.72,-51.6,-55.94,-66.37,-71.72,-78.29,-85.14
DOUBLE_APPROACH,-88.85,-85.41,-80.15,-73.46,-69.04,-61.51,-57.45,-55.4
ROTATION,-59.08,-77.49,-83.96,-63.53,-64.45,-66.41,-65.05,-67.25
ROTATION,-56.02,-67.56,-79.53,-73.23,-70.35,-73.38,-76.88,-62.55
DOUBLE_APPROACH,-89.04,-86.69,-78.74,-76.65,-74.5,-64.4,-61.9,-63.94
IDLE,-55.7,-54.71,-56.08,-57.0,-53.38,-52.97,-58.13,-52.26
IDLE,-56.23,-51.77,-56.16,-53.61,-54.81,-53.23,-56.63,-52.34
DOUBLE_APPROACH,-90.56,-80.49,-77.98,-73.31,-69.1,-69.0,-64.13,-54.09
ROTATION,-62.31,-69.96,-69.34,-57.13,-60.86,-70.42,-65.95,-60.36
IDLE,-60.33,-61.72,-56.65,-60.31,-57.45,-58.45,-59.96,-60.65
IDLE,-65.02,-59.88,-64.01,-62.72,-63.6,-63.58,-61.76,-64.97
ROTATION,-58.73,-65.11,-65.73,-84.27,-75.42,-63.32,-63.54,-58.84
IDLE,-59.31,-62.54,-60.87,-60.78,-60.86,-62.7,-63.85,-63.63
SLOW_DEPARTURE,-48.76,-52.45,-52.31,-55.77,-64.68,-67.71,-74.86,-82.18
IDLE,-55.49,-54.68,-54.24,-56.62,-54.96,-52.9,-58.23,-60.73
SLOW_DEPARTURE,-50.24,-55.43,-63.92,-67.83,-75.81,-82.08,-85.68,-88.73
DOUBLE_APPROACH,-84.53,-80.16,-75.51,-65.48,-63.76,-70.55,-57.12,-46.0
DOUBLE_APPROACH,-86.43,-89.05,-83.29,-82.67,-72.9,-70.9,-65.52,-55.52
IDLE,-61.16,-62.12,-62.34,-62.68,-63.32,-61.2,-66.24,-65.02
ROTATION,-63.68,-63.14,-83.5,-80.81,-73.06,-78.77,-64.99,-62.86
ROTATION,-61.86,-71.13,-77.71,-72.79,-64.39,-68.06,-70.95,-58.91
SLOW_DEPARTURE,-53.79,-57.68,-56.99,-66.69,-72.25,-69.26,-72.65,-76.52
IDLE,-53.87,-49.92,-54.81,-53.46,-51.18,-53.46,-52.35,-53.2
ROTATION,-55.63,-61.57,-78.39,-70.49,-57.84,-61.47,-61.11,-53.3
SLOW_DEPARTURE,-52.31,-48.22,-49.71,-52.54,-53.5,-61.04,-67.17,-71.54
DOUBLE_APPROACH,-84.63,-83.67,-78.9,-75.39,-72.32,-73.08,-60.86,-55.14
DOUBLE_APPROACH,-83.54,-81.21,-71.5,-63.88,-66.5,-58.83,-58.67,-47.05
ROTATION,-65.9,-71.61,-92.61,-73.56,-70.72,-81.83,-66.8,-68.03
SLOW_DEPARTURE,-56.45,-57.34,-63.96,-61.75,-71.71,-76.12,-72.29,-78.13
IDLE,-55.78,-52.08,-54.78,-57.86,-55.91,-52.93,-51.75,-58.04
SLOW_DEPARTURE,-65.18,-68.61,-66.94,-70.24,-75.81,-83.26,-89.13,-89.65
ROTATION,-60.37,-67.31,-71.62,-71.33,-77.04,-82.67,-75.8,-64.13
ROTATION,-61.36,-64.22,-77.78,-79.73,-72.69,-74.94,-71.12,-62.44
ROTATION,-64.81,-71.38,-83.62,-60.77,-66.09,-85.81,-69.69,-65.0
SLOW_DEPARTURE,-59.97,-64.51,-63.02,-72.41,-74.77,-84.13,-85.09,-90.42
IDLE,-56.3,-58.16,-58.19,-56.63,-56.88,-57.57,-54.33,-58.23
IDLE,-58.43,-59.81,-65.28,-59.28,-60.2,-54.62,-57.09,-60.48
SLOW_DEPARTURE,-54.86,-65.42,-64.4,-70.51,-77.39,-78.4,-80.56,-79.09
ROTATION,-57.21,-64.67,-62.71,-74.0,-92.21,-83.63,-73.65,-64.35
IDLE,-54.32,-50.7,-54.73,-56.09,-58.16,-55.09,-55.22,-52.1
IDLE,-64.22,-62.44,-61.87,-62.68,-64.34,-63.32,-63.19,-62.1
DOUBLE_APPROACH,-90.76,-84.3,-78.38,-77.68,-76.38,-73.51,-63.55,-63.72
DOUBLE_APPROACH,-87.11,-81.02,-81.05,-71.98,-73.74,-66.27,-56.56,-60.41
ROTATION,-59.59,-71.92,-81.96,-65.22,-58.86,-65.92,-67.62,-57.85
DOUBLE_APPROACH,-89.22,-78.51,-73.88,-63.14,-73.86,-66.09,-56.89,-48.2
SLOW_DEPARTURE,-57.33,-64.78,-66.6,-74.01,-78.51,-83.58,-87.76,-95.15
SLOW_DEPARTURE,-55.02,-57.12,-57.39,-60.42,-69.34,-71.4,-80.04,-85.0
DOUBLE_APPROACH,-89.97,-82.51,-74.36,-74.19,-71.95,-69.89,-72.27,-52.35
IDLE,-67.48,-68.59,-67.52,-69.81,-69.97,-68.61,-66.18,-68.12
SLOW_DEPARTURE,-49.98,-62.79,-68.25,-68.44,-69.38,-78.14,-78.71,-78.15
ROTATION,-67.91,-67.36,-73.71,-81.16,-77.94,-69.12,-61.9,-59.98
DOUBLE_APPROACH,-84.42,-83.08,-75.61,-70.66,-69.49,-72.69,-67.23,-64.28
ROTATION,-65.36,-71.12,-85.71,-74.21,-69.09,-81.62,-72.6,-63.75
IDLE,-49.4,-54.1,-53.76,-54.24,-51.62,-55.55,-51.75,-52.61
DOUBLE_APPROACH,-82.44,-80.73,-79.72,-70.23,-70.9,-67.06,-58.67,-54.51
IDLE,-58.39,-57.81,-55.18,-53.06,-58.4,-58.73,-55.75,-55.02
ROTATION,-59.02,-55.86,-81.29,-76.68,-63.58,-69.81,-64.83,-56.66
ROTATION,-62.09,-65.7,-80.03,-65.51,-71.43,-76.56,-69.98,-66.49
DOUBLE_APPROACH,-84.96,-78.96,-81.24,-73.97,-74.94,-72.94,-69.8,-56.43
DOUBLE_APPROACH,-86.72,-86.01,-80.37,-75.75,-82.7,-73.74,-68.25,-70.88
DOUBLE_APPROACH,-83.27,-78.5,-80.06,-71.02,-79.13,-64.24,-59.89,-55.01
IDLE,-56.68,-54.36,-60.71,-64.43,-62.68,-64.67,-56.03,-57.6
SLOW_DEPARTURE,-48.98,-50.77,-61.88,-61.81,-64.18,-62.94,-69.97,-70.7
IDLE,-67.42,-66.83,-65.62,-67.23,-68.33,-68.34,-61.42,-63.1
IDLE,-61.84,-57.83,-55.84,-52.93,-54.64,-56.79,-51.76,-56.06
IDLE,-58.68,-61.61,-57.5,-61.07,-61.22,-61.87,-60.22,-59.29
ROTATION,-65.63,-73.35,-86.78,-89.96,-80.88,-72.99,-66.15,-59.97
ROTATION,-61.63,-58.17,-64.99,-78.61,-81.19,-80.06,-72.45,-62.72
SLOW_DEPARTURE,-55.64,-60.99,-63.98,-68.26,-67.33,-68.22,-71.3,-77.19
IDLE,-66.33,-67.0,-67.6,-63.4,-66.34,-62.68,-69.22,-64.27
DOUBLE_APPROACH,-90.52,-84.7,-84.21,-83.1,-80.15,-86.04,-66.46,-49.77
SLOW_DEPARTURE,-47.23,-50.43,-59.25,-57.18,-57.76,-63.36,-62.87,-66.73
SLOW_DEPARTURE,-48.68,-58.72,-56.54,-58.03,-62.43,-68.68,-69.04,-72.02
DOUBLE_APPROACH,-83.33,-76.93,-67.75,-67.68,-64.69,-63.57,-53.63,-49.05
DOUBLE_APPROACH,-87.08,-86.61,-78.69,-75.26,-75.26,-81.76,-67.71,-57.5
ROTATION,-58.37,-59.29,-56.21,-70.85,-79.01,-73.1,-61.02,-53.5
ROTATION,-59.65,-63.08,-77.76,-76.38,-66.02,-72.33,-70.12,-62.37
IDLE,-58.3,-63.88,-60.17,-55.56,-60.86,-60.12,-64.06,-59.8
ROTATION,-65.98,-74.27,-70.67,-67.24,-72.68,-80.91,-67.23,-57.54
SLOW_DEPARTURE,-57.61,-65.44,-65.97,-67.56,-75.74,-76.16,-72.38,-82.18
IDLE,-63.52,-65.89,-61.22,-60.58,-65.23,-61.6,-68.51,-60.85
SLOW_DEPARTURE,-63.68,-59.03,-65.18,-61.58,-73.02,-75.9,-77.32,-83.35
ROTATION,-53.46,-69.58,-82.6,-61.4,-63.02,-73.29,-57.5,-54.5
DOUBLE_APPROACH,-88.02,-86.11,-82.53,-77.66,-81.45,-77.12,-71.65,-63.0
SLOW_DEPARTURE,-43.06,-49.98,-50.81,-58.76,-60.71,-61.89,-62.25,-73.24
DOUBLE_APPROACH,-90.21,-83.64,-78.12,-78.89,-79.18,-67.66,-61.89,-58.93
IDLE,-64.94,-60.37,-59.35,-62.97,-58.98,-65.88,-62.68,-61.2
SLOW_DEPARTURE,-55.45,-65.86,-64.67,-69.05,-74.01,-71.41,-79.84,-76.27
DOUBLE_APPROACH,-85.19,-88.18,-76.6,-72.28,-80.34,-75.11,-63.74,-59.2
SLOW_DEPARTURE,-51.44,-51.0,-51.47,-59.87,-61.06,-69.67,-74.62,-79.11
IDLE,-55.77,-61.77,-59.08,-65.99,-60.44,-62.91,-59.1,-62.2
IDLE,-68.83,-67.21,-67.58,-64.99,-66.42,-65.71,-69.03,-66.49
SLOW_DEPARTURE,-59.2,-60.91,-60.03,-70.91,-69.67,-78.28,-80.1,-82.94
ROTATION,-64.1,-60.1,-73.0,-82.34,-88.51,-77.12,-59.17,-69.89
DOUBLE_APPROACH,-88.57,-85.09,-78.83,-77.59,-71.54,-78.2,-63.47,-56.86
ROTATION,-62.26,-58.65,-73.12,-71.73,-68.74,-69.58,-69.93,-58.1
DOUBLE_APPROACH,-87.36,-87.04,-77.73,-70.9,-74.59,-63.77,-56.9,-49.1
IDLE,-69.53,-63.89,-58.89,-65.06,-62.61,-61.11,-65.0,-62.68
DOUBLE_APPROACH,-90.3,-86.87,-81.08,-81.08,-76.45,-73.45,-70.56,-64.92
DOUBLE_APPROACH,-89.44,-87.95,-82.53,-75.58,-72.93,-77.82,-64.63,-60.06
DOUBLE_APPROACH,-90.96,-86.74,-74.1,-74.59,-72.3,-69.24,-63.85,-48.73
ROTATION,-62.11,-81.03,-78.91,-64.44,-58.28,-63.94,-66.61,-61.55
SLOW_DEPARTURE,-62.71,-67.64,-68.34,-72.53,-79.23,-79.19,-87.66,-91.99
IDLE,-54.55,-58.38,-58.11,-56.6,-53.65,-56.19,-55.52,-57.41
IDLE,-58.13,-52.34,-54.71,-56.5,-54.72,-59.66,-56.54,-57.47
ROTATION,-62.88,-65.05,-77.86,-70.89,-62.95,-74.33,-67.35,-66.66
DOUBLE_APPROACH,-84.23,-83.68,-76.66,-69.94,-80.07,-73.36,-66.46,-55.27
DOUBLE_APPROACH,-93.39,-83.6,-83.34,-76.19,-71.14,-67.12,-65.59,-57.09
SLOW_DEPARTURE,-64.55,-62.84,-64.49,-66.14,-72.83,-79.45,-86.74,-95.02
ROTATION,-60.59,-64.94,-72.36,-84.26,-88.34,-71.37,-68.06,-61.37
IDLE,-61.93,-62.84,-62.84,-62.63,-64.18,-63.61,-62.58,-61.21
DOUBLE_APPROACH,-91.53,-89.63,-85.08,-85.72,-79.98,-74.79,-71.13,-65.28
SLOW_DEPARTURE,-58.71,-60.44,-65.85,-75.28,-78.86,-88.78,-90.49,-92.67
DOUBLE_APPROACH,-81.44,-81.42,-73.75,-67.72,-61.22,-68.65,-59.71,-45.33
IDLE,-60.07,-63.09,-62.72,-65.29,-61.44,-62.22,-60.35,-59.02
SLOW_DEPARTURE,-45.15,-49.16,-49.85,-50.31,-61.62,-56.63,-69.37,-70.28
SLOW_DEPARTURE,-51.54,-58.0,-54.5,-60.9,-64.44,-69.21,-74.39,-76.78
DOUBLE_APPROACH,-83.06,-75.79,-73.62,-67.9,-69.29,-66.76,-62.0,-53.23
SLOW_DEPARTURE,-62.45,-70.77,-73.38,-75.3,-76.69,-83.15,-79.41,-79.73
IDLE,-66.12,-66.26,-64.55,-67.88,-67.2,-66.25,-65.23,-66.97
DOUBLE_APPROACH,-85.87,-83.58,-75.46,-77.85,-70.68,-67.71,-60.32,-58.14
DOUBLE_APPROACH,-92.42,-85.33,-74.97,-75.65,-77.68,-65.72,-64.11,-51.22
IDLE,-62.66,-61.28,-63.03,-55.66,-60.57,-60.35,-57.55,-58.07
ROTATION,-57.55,-69.09,-73.82,-66.44,-64.73,-65.85,-63.39,-59.03
DOUBLE_APPROACH,-85.6,-79.01,-79.99,-80.01,-75.16,-64.45,-71.21,-66.12
SLOW_DEPARTURE,-55.5,-58.93,-61.56,-66.68,-74.54,-79.72,-82.74,-96.36
DOUBLE_APPROACH,-87.2,-84.34,-79.61,-74.66,-72.99,-66.73,-61.67,-56.58
SLOW_DEPARTURE,-52.66,-61.59,-64.65,-62.64,-67.87,-72.83,-68.26,-71.31
SLOW_DEPARTURE,-59.39,-60.26,-60.76,-70.41,-79.79,-77.22,-90.86,-95.51
SLOW_DEPARTURE,-55.73,-66.39,-64.88,-68.12,-69.66,-75.39,-76.04,-73.17
IDLE,-56.33,-55.99,-57.57,-59.55,-56.93,-58.34,-56.79,-55.12
IDLE,-67.66,-69.4,-67.38,-67.13,-66.36,-68.76,-66.3,-69.64
DOUBLE_APPROACH,-86.24,-79.83,-75.16,-68.66,-64.41,-75.31,-60.66,-59.65
ROTATION,-61.39,-66.21,-72.24,-69.1,-64.99,-75.35,-77.46,-66.07
ROTATION,-63.97,-69.92,-69.27,-56.6,-65.13,-73.26,-67.65,-58.02
DOUBLE_APPROACH,-83.38,-88.54,-77.7,-75.9,-71.3,-70.57,-58.24,-47.46
SLOW_DEPARTURE,-48.07,-52.96,-59.57,-62.86,-63.22,-66.77,-69.9,-76.94
IDLE,-64.07,-65.26,-64.13,-60.55,-63.64,-62.24,-59.54,-62.1
IDLE,-57.44,-57.61,-54.63,-57.41,-59.93,-57.74,-59.99,-61.69
ROTATION,-57.8,-82.32,-64.82,-55.96,-67.08,-69.24,-61.65,-62.94
ROTATION,-56.11,-61.99,-69.57,-86.71,-82.28,-64.87,-60.77,-55.89
DOUBLE_APPROACH,-76.95,-81.9,-69.34,-59.92,-78.35,-66.07,-50.2,-46.49
DOUBLE_APPROACH,-79.89,-81.31,-75.87,-72.15,-69.23,-65.45,-56.11,-47.23
IDLE,-60.73,-55.32,-60.34,-59.51,-59.25,-62.34,-59.18,-56.57
IDLE,-65.09,-62.73,-60.81,-60.37,-61.21,-60.64,-59.17,-63.38
DOUBLE_APPROACH,-88.31,-84.14,-81.47,-71.49,-71.81,-72.35,-63.88,-55.55
DOUBLE_APPROACH,-84.53,-85.34,-78.53,-76.04,-67.63,-58.68,-58.14,-56.74
IDLE,-62.09,-61.89,-63.62,-63.37,-63.84,-63.0,-62.48,-63.24
IDLE,-53.33,-61.67,-61.59,-56.74,-54.77,-62.14,-62.27,-60.77
ROTATION,-63.56,-65.97,-77.35,-87.51,-74.95,-67.96,-63.82,-60.22
DOUBLE_APPROACH,-87.64,-82.55,-77.49,-77.0,-70.63,-78.86,-63.5,-48.75
DOUBLE_APPROACH,-89.44,-78.59,-80.14,-74.75,-68.09,-68.19,-62.41,-56.67
IDLE,-53.34,-52.97,-50.68,-58.25,-51.98,-50.56,-55.69,-55.71
IDLE,-53.59,-51.73,-52.81,-53.37,-53.47,-50.43,-50.45,-56.16
ROTATION,-52.91,-57.77,-71.85,-81.3,-72.38,-59.96,-56.87,-60.09
IDLE,-66.89,-62.49,-63.68,-64.45,-60.53,-62.47,-65.97,-66.73
ROTATION,-59.42,-71.62,-76.08,-64.68,-63.29,-64.46,-68.28,-65.19
ROTATION,-66.59,-72.75,-83.54,-71.63,-63.73,-66.9,-79.95,-69.44
SLOW_DEPARTURE,-52.5,-55.02,-59.26,-69.25,-68.57,-67.25,-68.34,-71.09
SLOW_DEPARTURE,-50.17,-53.28,-56.16,-58.02,-57.78,-58.7,-68.58,-68.05
SLOW_DEPARTURE,-50.33,-55.99,-53.85,-58.42,-60.39,-65.06,-61.91,-68.88
DOUBLE_APPROACH,-86.47,-86.41,-83.9,-79.65,-67.17,-66.65,-52.82,-53.03
ROTATION,-69.28,-76.07,-79.53,-65.3,-68.28,-76.39,-81.62,-68.09
SLOW_DEPARTURE,-50.07,-49.51,-57.65,-56.74,-65.03,-63.12,-72.72,-74.76
SLOW_DEPARTURE,-51.4,-56.0,-58.45,-63.52,-61.47,-73.58,-76.47,-85.99
IDLE,-66.33,-61.38,-65.91,-64.47,-64.24,-68.22,-68.13,-65.56
SLOW_DEPARTURE,-62.67,-57.9,-56.92,-67.48,-68.5,-69.97,-72.19,-71.8
DOUBLE_APPROACH,-85.77,-87.41,-80.65,-75.04,-73.88,-74.49,-77.8,-62.77
ROTATION,-59.47,-72.72,-66.7,-57.5,-60.2,-67.47,-63.72,-56.15
ROTATION,-62.58,-73.69,-78.18,-73.03,-71.76,-72.99,-69.19,-63.16
IDLE,-65.87,-66.06,-63.92,-61.94,-65.42,-66.06,-61.43,-61.23
IDLE,-53.37,-51.67,-49.02,-57.1,-51.31,-51.54,-50.7,-54.86
ROTATION,-69.42,-81.32,-74.17,-67.43,-63.17,-71.95,-68.36,-66.6
